Cameron urges China to take greater role in world affairs,"Wang Xiaodong on why China, his country, must not trust the US",China building boom helps make machinery magnate richest man,Flight MH370: hunger strike threat from Chinese passengers relatives,"China winning cyber war, Congress warned "
Wife admits killing top banker,Guardian website unblocked in China after users reported access was denied,Olympics blamed for forcible removal of 2m over 20 years,Activist who faced police harassment in China is in US,Half China's chemical plants pose 'grave risk'
Bush writes to widow of Chinese pilot,Chinese activists detained after seeking Obama meeting,Xinran: If only a kiss was just a kiss in China,Chongqing tower blocks demolished in controlled explosions  video,China police station attack leaves several dead in Xinjiang
Letter from China:  spirit quest,China voices: the construction worker,Asias richest woman appeals for millions,Chinas Cultural Revolution remembered by artist Xu Weixin - video,China faces up to obesity epidemic
Taiwan's voters defy Beijing,Chinese fans riot at ref's foul decision,The risk that China is taking,China hopes to stand firm in storm,China: lawyers fear new regulation against 'disrupting' hearings
"In ever-widening security cordon, a palpable fear",Letter from China: Kazakh life,Video Chinas migrant families suffer under hukou housing registration system,What they're reading in China,Gu Kailai trial: China braced for global attention
"Eyewitness: Hong Kong, China",Six-nation group tries to defuse tensions over Iran nuclear programme,Leader: China returns spy plane,Number of Chinese web users grows by a third,Chinese fireworks truck explosion destroys bridge
Death sentence for Chinese Christian sect trio,French Spiderman Alain Robert,Japanese MP says Japan could become Chinese province,Spy plane crisis: An explicit threat - but only in Chinese,Chinas alarming increase in obesity blamed on more affluent lifestyle
HIV wedding rings in change for China,US threatens to quit talks with China,Beijing takes first step to end betting ban,Taiwan president shot in election attack,Zhou Yongkang: oil boss who became China's third most powerful man
Your Lifelong Prisoner  Liu Xiaobos poem from prison,China supports Pakistan in row over Nato border attack,China sentences six men to death over ethnic riots,Thousands evacuated after blasts hit Chinese chemical plant,Hong Kong hit by typhoon Vicente  video
Letters: Syria and foreign intervention,China milk scandal Sanlu Group chief stands trial for role in melamine contamination,Toll dodgers tear road through Great Wall,MH370: Malaysia releases cockpit transcript,Eyewitness: Enter the dragon
Eyewitness: Stormy weather,Chinese village protest turns into riot of thousands,China protester paralysed by beating,China and India launch joint anti-terror drill,Flight MH370: passengers on stolen passports 'not Asian looking
"North Korea is direct threat to US, says defence secretary Robert Gates",HIV/Aids activist flees China for US,"China finds 2,000-year-old city",Leader: Europe should put a brake on Beijings excesses,China calls Australian spy HQ plans hacking claims 'groundless'
Chinese conman who fooled officials to demolish police HQ reveals his secrets,George Bushs spyplane statement,China's citizen journalists finding the mouse is mightier than the pen,China: Bo Xilai sentenced to life in verdict intended to send a message,Mao Hengfeng Amnesty urgent action
Monster double eggs laid by miracle chicken in China  video,Piglets on the run elude traffic police in China - video,US embassy cables Former Singapore PM on psychopathic North Koreans,G20: Barack Obama uses visit to reassert US influence in Asia Pacific,Tsang poised to take Hong Kong leadership
The Chinese multinational making millions out of vulnerable Ugandans,Panda keepers wear fancy-dress at reserve in China - video,Video: Villagers found alive after mudslide in Taiwan,Deng Xiaoping TV thriller serves Chinese presidents agenda,Inside the court of the Tibetan god-king
Chinese police shut down protest over woman's death at Beijing shopping mall,Hillary Clinton criticises Beijing over internet censorship,China warns US over plan for 6.5bn arms sale to Taiwan,Chinese human rights lawyer abandons activism to reunite with family,260 billion eggs on the Chinese menu
Simon Tisdall: Writing is on the wall for wary Taiwan,Climate change Europe and US press G20 leaders for strong action,China plans to track Beijing citizens through their mobiles,China tries 20m hi-tech raindance as country roasts in heatwave,Video: Million flee floods in southern China
Chinese officials cancel The Vagina Monologues,Chinese villagers seize party chief,China denies deporting New York Times journalist Austin Ramzy,Security council to vote on North Korea sanctions,Propaganda bureau takes control of two Beijing newspapers
China claims train blue riband,China poultry factory fire survivors describe blast  video,US granted access to grounded spy plane crew,Cadburys latest to recall products in Chinese milk scare,Japanese firms close offices in China as islands row escalates
Fukushima evacuees demand compensation,Piscine pedicure keeps bathers on their toes,Tsunami alert as earthquake rocks Japanese islands,Japanese fishermen to be freed but skipper is held,Former Peruvian president set for shock comeback in Japan
Q&A: privatisation of the Japanese post office,"After the earthquake, a tsunami of death and destruction in Japan",Tokyo has 70% chance of powerful earthquake within four years,Eyewitness: Salvaged memories from Japan,New leak identified at damaged Japanese nuclear plant
Japan tsunami: A shortage of petrol and food but many bodies to bury,Japanese officials order removal of war memorial for Korean labourers,Japan lauds whaling haul,Yakuza chief arrested in Japan,Japan on verge of electing nationalist Abe
Japan tsunami and nuclear alert - Monday 14 March part two,Okinawa rape allegations: US ambassador meets minister - video,"Jiroemon Kimura, worlds oldest person, dies - video",Japanese veteran admits vivisection tests on PoWs,Tokyo shows its conservationist colours
Eyewitness: Tanabata festival in Japan,Korean airliner misses the runway - video,Japan PM tells Fukushima nuclear plant workers to hold firm,Japans survivors: So many have been killed. Its hard to sleep. Unimaginable,Founder of Japans Red Army in final appeal for freedom
Japan nuclear workers evacuated after radiation levels soar,Japan seeks to restart nuclear reactors after May stress tests,Pearl Harbor: crucible of the greatest generation | Clancy Sigal,Fire kills 15 at Japanese adult video parlour,Japanese misanthropes march against 'passion capitalism' of Valentine's Day
Hollywood resurrects the two sides of Japans forgotten battle,Japan to allow military use of space,"Japan tsunami survivors, one year on: weve made a start",Analysis: A yen for recovery,Madonnas of reform
Drop in number of Japans foreign workers amid economic crisis,Japan launches new rocket for first time in 12 years - video,Sino-Japanese 'cold war' stirs new tensions,Typhoon Roke lashes Japan  video,G8 leaders feast at world's top table
"Briton killed in Japan was strangled, police say",Getting a bad reception,Toxic Fukushima fallout threatens fishermen's livelihoods,Japan nuclear alert and earthquake - Saturday 12 March part two,Japan marks first anniversary of earthquake and tsunami
Tokyo's Kabukicho district told to dim its red light,Japan tunnel collapse: bodies found as rescue effort continues,Tokyo toilet exhibition: giant poo slides and singing toilet seats - video,Japanese publisher defies Little Black Sambo protest,Fukuda approved as Japan PM
Sumo wrestling,Second US serviceman held over alleged sex attack in Japan,Tokyo governor quits to form new rightwing party,I looked up and couldnt see the sky,Press review: Japanese press
Chinese get life for arranging sex tour for Japanese,Nuclear crises: How do Fukushima and Chernobyl compare,Ramen noodles,Bush trip tests Tokyo friendship,China imposes airspace restrictions over Japan-controlled Senkaku islands
"60 years after the war ends, two soldiers emerge from the jungle",Japan: new head of public broadcaster shrugs off use of wartime sex slaves,Ageing Japanese go it alone,Divisions emerge in international response to North Korean rocket launch,Tornado rips through eastern Japan leaving dozens injured - video
Japan deploys Patriot missiles to protect Tokyo,India's lunar mission is new step in Asian space race,Royal baby news may halt change to succession law,Tsunami waves reach Hawaii following Japan earthquake,Japanese women hold age record
Japanese PM sings Elvis with Cruise,Japan warms to idea of an empress,William Hague issues warning to Britons in Japan - video,'Deserter' to give himself up,Japan nuclear crisis worsens as country braces for second huge earthquake
Japan's invasion of the jellyfish,Diamond-studded cake  is 1.7m Christmas treat,Japanese troops find new legitimacy through disaster work,"Nepalese man, 81, attempts Everest climb days after 80-year-old set record","Spectre of deflation horrifies bankers, but Japan now has a taste for it"
Do not cry: a nurses blog brings comfort to Japans tsunami survivors,Japanese hate speech debate abandoned as insults fly,Typhoon Halong wreaks havoc in Japan  video ,"No drink, no begging: the orderly lives of Japan's homeless",Fukushima rice banned by Japan
60-year-old single woman pregnant after IVF,China sends warplanes into disputed airspace over East China Sea ,Japans Fukushima plant opened to journalists,Aum cult fugitive was turned away from Tokyo police station,After the tsunami: Japanese survivors find reasons to sing - video
War of words over 'Japan's Schindler',Japanese PM calls early party elections,Japanese crew release anti-whaling activists,Japanese women curl up with the perfect man,Aum Supreme Truth: last Tokyo subway attack suspect is arrested
China imposes airspace restrictions over Japan-controlled Senkaku islands,Twist in tale of Rubiks cube as Japanese puzzlers go back to basics,Japan nuclear crisis: fire in fuel pools 'would raise radiation exposure',Deal could revive supersonic flights,PlayStation 3 launches in Japan
Why is India so bad for women?,Lafarge's India-Bangladesh cement project remains frozen,India asks civil servants about their periods,"Eyewitness: Hyderabad, India",Raekha Prasad and Randeep Ramesh: Indias missing girls
The peace process has a chance,"Families in India increasingly aborting girl babies, study shows",Hope withers with the crops along India's mined border,A radical reset of US-Pakistani relations required | Michael Boyle,Senior Indian policeman investigated over threat to murdered journalist
Indian Grand Prix: workers on F1 circuit 'living in destitution,Dying of hunger in a land of surplus,CIA admit 'waterboarding' al-Qaida suspects,British minister defends &pound;825m aid to help India's poor,US embassy cables: US fears possible bioterror attack in India
International Womens Day: Indians demand better rights  video,"Pakistani officers helped plan Mumbai attacks, says India",Kashmir: another kind of terror,India names two most-wanted fugitives after Mumbai attacks,Mumbai terror attacks We were told to kill until the last breath
Cheap Aids drugs under threat,Kashmir is grieving,"Eyewitness: New Delhi, India",The young initiate - picture of the day,Hindus face new challenge over razed mosque
Gandhi branded racist as Johannesburg honours freedom fighter,Bombay riots follow Ghandi's arrest,Worlds cheapest car upsets environmentalists,Triple murder in India highlights increase in 'honour killings,India tests long-range missile
Roy goes to prison and agonises over fine or serving longer term,Yahoo employee alleged to be Indian terror group's media officer,Leader: The dynasty continues,India vows to punish Pakistan,At least 145 killed in India temple stampede
India starts to count its losses,Indian PM tries to calm sectarian violence in Assam,"Feeling rich, looking poor",China's first aircraft carrier launches with pride amid regional tensions,Four charged with twin Bombay bombings
"Anna Hazare, Indian anti-corruption campaigner, freed from jail  in pictures",Record rainfall brings chaos in India,Hundreds die in pilgrimage crush,India ready to react,Untouchables embrace Buddha to escape oppression
"How the world sees the G20 summit - fear, apathy and Barack Obama ",Rampaging elephant shot after killing seven Indian villagers,China and India: Booming Asian economies leaving women and children behind,Indian villagers left in fear after several killed by tigers,Many killed in series of bomb blasts across Delhi
Group claiming Mumbai bombs issues new threat,Tension rises as two guards die in Kashmir fighting,Indian state wants a new time zone,Tariffs: WTO talks collapse after India and China clash with America over farm products,Indian cricket captains whisky advert angers team-mates mother
New generation of rebels steps up violence in Kashmir,"West too soft on Pakistan, says India","Mumbai attacks: 'A shot sounded and we thought that's it, we're going to be executed",India is split as Gandhi daughter shuns the sari,MCC teams up with UK firm to build cricket communities in India
The invisible women of Pakistan,South Africa: more of a briquette than a Bric,India and Pakistan prepare for cricket semi-final showdown,India-Pakistan press review,Indian police arrest hunger striker
"Veteran actor, 10, writes and directs his own film",Blood diamonds stain Indias glittering trade,India links Pakistan to Calcutta killings,Indian court bails British eco-activist arrested for carrying satellite phone,Press review: 'She has played a masterstroke'
Delhi gang-rape: four men sentenced to death,The best and worst of times,Man-eaters rule in a land of widows as tigers get a taste for human flesh,G20 summit: round-up from newspapers around the world,Educating India's 'untouchables'
US embassy cables: Indian officials tell US neither Sri Lanka government nor Tamil Tigers respect international community,Cameron orders inquiry into claims of British role in 1984 Amritsar attack,Indian women turn to firearms against threat of violence,Plastic bag ban by Indian state,Scores killed as bomb blasts rip through Assam
Kashmir separatists meet Indian MPs despite formal boycott,India elections: millions turn out in first big day of voting,German professor rebuked for rejecting intern over 'India's rape problem,India elections: what young people want from a new government,Indias 20-year economic boom gives way to doubt in Delhis malls
India's Iron Lady charged with trying to kill herself after 12-year hunger strike,Indian police reveal Kashmiri custody death toll,India sifts over site of suspicious crash,Dozens die in Delhi bombings,Indian government pledges security focus
India accuses Pakistan of trying to wipe out leadership,Diplomat raped in New Delhi,Randeep Ramesh reports from the battle to capture the terrorists in Mumbai,Anna Hazare ends hunger strike after Indian government backs down,Shadow of controversy follows Narendra Modi as he meets US leaders
"Eyewitness: Srinagar, India",Everyday India in pictures: the city,"India mass sterilisation: women were forced into camps, say relatives",Baby elephant rescued from ditch in India  video,China's first aircraft carrier launches with pride amid regional tensions
Iran to resume 'some nuclear activities,Iranian president calls for purge of liberal lecturers,Syrian president Bashar al-Assad expected to be sanctioned by EU,Libya: battle for Sirte reaches endgame - Friday 14 October 2011,Iran's nuclear deal-maker keeps Twitter and the ayatollah happy
Iran opens doors to tourists as Rouhani fosters thaw in relations with the west,Robert Tait on the continuing protests in Iran,Iranian president calls Holocaust a 'myth' in live TV broadcast,Irans currency up against dollar amid optimism over Baghdad nuclear talks,"A welcome, tempered by mistrust"
Europe proposes limited sanctions to halt Tehrans nuclear ambitions,Iran stories: show us around your home,Iran faces UN nuclear crisis,Shortcuts: Mahmoud Ahmadinejads blog,Iran forces lecturers to disclose all foreign trips
What is Britains strategy for Iraq?,British troops tried to rescue hostages at Iran border,Iranians 'protest over currency crisis'  video,Iran nuclear chief cancels IAEA summit,Leader: Nuclear diplomacy
Poor Iranians compete to sell their organs - in pictures,"Iran could be building a warhead, says UN inspector",Iran urged to end harassment of lawyer's family,Who is killing Iran's nuclear scientists,Timeline: Iranian air disasters
Iran president Ahmadinejad chooses wanted man Ahmad Vahidi for cabinet,Irans state TV shows aftermath of earthquake  video,UN watchdog rejects US ultimatum but pushes Tehran to reveal nuclear details,Iraq bomb attack kills key US ally ,Hardline critics scoop up votes as rivals are barred
Middle East: Bahrain calls for new regional organisation with Israel,UK fears return to the bad old days in Iran,Mahmoud Ahmadinejad summoned to criminal court ,Egypt would do well to heed lessons from Iran's 1979 revolution,Iran Standard Time: a day at the Kerman bazaar - in pictures
Letters: Dossier on Iran nuclear threat,Israels old certainties crumble in Arab spring fallout,Qassem Suleimani photo makeover reveals Irans new publicity strategy,US sanctions against Iran's military establishment opens a new front against Teheran,Straw: Iran nuclear negotiations still open
IAEA due to expose Iranian nuclear weapons design and testing facility,"Arrested in Afghanistan: Abdullah, 25, an Iranian jihadist rejected by the Taliban",Space Monkey returns to Iran - video,Iraqi Kurds caught up in US-Iran tensions,US embassy cables: Iran 'busy' trying to undermine the US in Afghanistan
Europe warned of Iranian missile threat,Iranian Jews confess as spy trial begins,Irans parliamentary election is a non-event for opposition,Rift grows as Iranians caught fighting for Sadr,Mousavi attack on 'dictatorship in name of religion' seen as Iran protests call
"Iran needs greater uranium enrichment capacity, says Ayatollah Ali Khamenei",What they said about the Iranian elections,EU agrees new Iran sanctions,"US can talk to Iran, says Joe Biden",Iran bans opposition party in crackdown on dissent
Obituary: Mansoor Hekmat,Iran suspends Reuters over female ninjas headline,The phantom at the Iran nuclear talks weaponisation,Sakineh Mohammadi Ashtiani will not be stoned to death - for the time being,Iran faces up to its most lethal threat - drugs
Voices: Iran in turmoil,Death to America: Iran celebrates revolution,Iran nuclear talks under way in Geneva,Israel sceptical about easing of pressure on Iran to halt nuclear programme,Pentagon adds to despair of Iran's reformers
Capital letters: Dan De Luce in Tehran,Execution of 13 for terror attacks reveals Iran's next move: intimidation,Iranian activist wins Nobel peace prize,EU to freeze Iranian bank assets if nuclear enrichment continues,Iran taunts west on security council move
Syria summit on brink over Iran refusal to endorse transitional government,Iran revolutionary guards commander set to become president of Opec,Iran delays nuclear fuel programme,Lone Jewish MP confronts Ahmadinejad on Holocaust but stresses loyalty to Iran,Hugo Chvez says Obama is a clown and an embarrassment
Argentinas man in Tehran tried to ship home Persian treasures by the tonne,ElBaradei backs Iran negotiations,US jets 'flying over Iran to spot potential targets,Israel not rushing into Iran war,Decision time for US over Iran threat
Putin's deft timing on a Syria chemical arms surrender plan snookered Obama,Britain withdraws diplomats from Iran after embassy attack,Hairless hero: Iranian teacher shaves head in solidarity with bullied pupil,Rescuers head to site of earthquake near Iran-Pakistan border,EU in talks with Iranian president
Tehran landlords and tenants lock horns in heat of property boom,Sakineh Mohammadi Ashtiani subjected to mock execution,Israeli PM demands Obama commit to military action if Iran sanctions fail,Iran frees political prisoners ahead of Hassan Rouhani's UN visit,Nuclear row boosts Iranian president
"Nato faces cyber attack threat, says study of defences",Senior cleric: Iran has knowledge to build a nuclear bomb,Iran releases three more British embassy employees,Britains embassy in Iran is reopening  but how long will it last this time?,Iran frees US spy on bail after three months
Iran and Syria put on show of unity in alliance Clinton finds 'troubling',Iranian professor loses job due to 'feminine' voice,Syria: Damascus 'suicide attack'  - Friday 6 January,Mahmoud Ahmadinejad attacks Iran's judiciary for preventing jail visit,Iran nuclear talks deadline nears as foreign ministers gather in Vienna
Man suspected of helping British schoolgirls join Isis arrested in Turkey,18 face trial in Turkey crackdown on terror,Syria crisis: UN mulls peacekeepers but ceasefire hopes fade - Tuesday 23 October 2012,EU tells Turkey to push Cypriot leader into line,Turkey kills 34 Kurdish fighters in northern Iraq
Pope Francis to visit Turkey in most challenging mission of papacy so far,The changing face of Turkey,Pope Francis prays alongside Grand Mufti in Istanbuls Blue Mosque,Scientists to search for Noahs ark on Turkish mountain,Third Turkish bird flu death reported
Turkish PM exposes nuclear rift in Nato,EU to start talks with Turkey,Turkish generals back talks on Cyprus,Syria: Red Cross blocked again from Baba Amr - Sunday 4 March 2012,Whats causing the protests in Turkey?
"Isis, carnage and 3.5m refugees: a day devoted to Syria's four-year war",US joins Turkeys war against rebel Kurds,Turkey mine disaster: grief turns to rage as hopes of finding survivors fade,New breed of Islamic politicians start to find their feet,Turkish PM's aide who kicked protester during mining protests sacked 
UN calls for inquiry into Israel flotilla attack,We Turks want to be a part of Europe,G20 summits:  Russia and Turkey react with fury to spying revelations,Man who shot pope to  be sent back to prison,Kurds call for PKK ceasefire
Turkey cracks down on counterfeit goods,Syria and Iran swap prisoners after months of complex international talks,Britain presses Turkey over detention of suspected British jihadis,Ankara plays diplomatic 'hardball' with US,Video: Turkey releases film of Iraq incursions
Turkish opposition fears power grab as Erdoan stands for presidency,"Timeline: Israel, Syria and the Golan Heights",Israel offers compensation to Mavi Marmara flotilla raid victims,Istanbuls new Bosphorus canal to surpass Suez or Panama,Trial of publisher revives row over Turkish insult law
Syria crisis: US concerned over weapons reaching jihadis  ,Tense countdown to  EU membership talks,Gunman in Istanbul wounds two before being shot dead,Turkish police storm protest camp using teargas and rubber bullets,Assad vows to 'live and die' in Syria - Thursday 8 November 2012
UN warning over Turkish bird flu outbreak,Armed EU guards to patrol Greece-Turkey border,US struggles to avert Turkish intervention in northern Iraq,Syria ceasefire: fighting continues as deadline passes,Ban Ki-moon urges Turkey and Israel to end diplomatic row
Man shot dead at funeral as police and protesters clash in Istanbul,Battle for Kobani: New air strikes target Isis forces amid new appeals for help,Istanbul clashes leave second person dead,Autograph-hunters seek out man who shot Pope,75 killed in airline crash at Turkish base
World goes to the rescue,Turkish court jails man behind murder of Armenian journalist Hrant Dink,Eyewitness: Turkey earthquake rescue,Car bomb hits Syria-Turkey border - video,Turkeys new border wall angers Kurds on both sides of Syrian divide
Syria air strikes: reaction to Barack Obamas decision to go to Congress,Author backs forced-marriage ban,Old foes Armenia and Turkey put faith in football diplomacy,Hillary Clinton on Syria: use of chemical weapons is a red line  video,Erdoan offers to suspend Gezi Park redevelopment pending court case
Dug out of the rubble: a lucky few,Islamic State militants seize Syrian airbase,Glafcos Clerides obituary,European court rules Ocalan trial unfair,Religion: Turkish PM appeases critics by disowning anti-porn bill
Keeping Europe French,"A pleasant meal, and then the horror",Two die in Istanbul bombing,The bizarre debate over female laughter shows Turkeys women need a new deal,New-wave economies going for growth
Syria crisis: Aleppo battle looms - Thursday 26 July 2012,Syrian forces fire on Turkish refugee camp,Cypriot leaders set date for reunification talks,Britons killer escapes justice,Turkish security forces blamed for killing 501st child since 1988
"Syria agrees to buffer zone along Turkish border, say reports",Four Britons among Turkey plane crash victims,Iran nuclear talks in Istanbul: is a uranium deal back on the table,Iraq crisis: Baghdad requests US air strikes against Sunni militants  live,Why us? ask Turks reeling from four attacks in five days
"A year on from the financial hurricane, Cyprus president pushes for unification",New demonstrations in Istanbul  in picture,Human rights record haunts Turkey's EU ambitions,Quake warning for Istanbul,Turkey blocks YouTube amid 'national security' concerns
Trial of publisher revives row over Turkish 'insult' law,Syria: Arab League visit -Thursday 22 December,The west is ready for the EU. The east is lost in the past,Turkish trio who took out New York Times ad: 'It's really not about us',Hot air balloon crashes in Turkey - video
Cyprus shipping row leaves Turkey talks in doldrums,"A year after the protests, Gezi Park nurtures the seeds of a new Turkey",Kurds threaten Turkish government with civil disobedience,Islam: Secularists raise tension as Turkish court prepares landmark judgment on ruling AKP,"Syrian crisis fuelling public health emergency, doctors warn "
Press review: The Editor briefing,Turkey bombings highlight dangers for US allies,Bird flu in Turkey is deadly strain,Indonesia confirms 14th bird flu death,Battle for Kobani: Isis bears down despite US air strikes and street clashes  as it happened
Red Square rally hails Vladimir Putin after Crimea accession,War in the Caucasus: The main protagonists in the current conflict,Russian spy swap: who gained most?,Women get a Moscow man - by the hour,Russia closes McDonalds restaurants for sanitary violations
Russia sends mixed signals on nuclear weapons,Engine failure suspected as 88 die in Aeroflot crash in Russia,Power line explosions hit Georgia,"Troops will leave Georgia in their own time, Russian spokesman says",US-Russia nuclear treaty on the cards after Senate vote
Viktor Yanukovich wins first round of Ukraine election,Press review: The view from ... Russia,Ukrainian press review,The EU approach to Russia: beyond Kremlinology | @guardianletters,Russian police arrest gay rights activists at May Day rally
Confidence in German economy falters as Russia sanctions take their toll,Putin: is he the ultimate PR solution?,For sale: one communist-era ghost town,Politkovskaya murderer named,Raisa Gorbachev dies
Simon Tisdall: Next stop Bratislava and a testing time with his pal Putin,Chechen rebels prepare for fresh onslaught,Russia widens attacks as world pleads for peace in South Ossetia,Tensions mount as Ukraine prepares to elect new president,Putin: we have lost Russia's trust
Uproar over official's daughter in fatal crash,Draft UN resolution puts renewed pressure on Irans nuclear ambition,Rescuers continue search for Chile earthquake survivors,Iran nuclear talks end with two sides 'far apart on substance,US tempts Russia with missile shield
Russia ends anti-terrorism operations in Chechnya,Arrest puts Putin on defensive,Moldova votes out Europe's last ruling Communists,Top Cold War spy innocent,EU and Russian spheres of influence since 1991  interactive
Secret tape links leader to headless corpse,A woman's guide to success in the Kremlin,Four charged over killing of Politkovskaya,Moscows historic Shukhov Tower gets reprieve from circling developers,West's muted response speaks volumes
Moscow smog,Kremlin nervous as protesters return to streets of Russia,Millions more Russians shunted into poverty,Russia today is like a lost chapter from Orwell | Lyudmila Ulitskaya,Okinawa's voters set to test Japanese-US relations
Meet Mikhail Prokhorov - in pictures,Communists face poll defeat,"Anna Chapman 'is an ordinary girl', says her father-in-law",Russia says its rusting fleet could poison Arctic,MH17 victims put on refrigerated train  bound for unknown destination
Putin's youth marching to a vapid tomorrow,Belarus election opposition leaders beaten as Lukashenko declares victory,Spring election fever hits Olympic city as democracy stirs in Russia,"Russia may be bluffing. Nato must win, as the importance of victory to us is great",Stolen bus linked to Kremlin
Moscow cracks down on media,New wave: 24 photographers changing the way the world sees Russia,EU voices concern over Russian opposition arrests,US condemns Syria massacre and looks for Russian help to oust Assad,Letter: Bureaucratic ordeal
Letters: When the other side invokes its veto,Missile clue to Russian plane crash,Obituary: Major General Artyom Sergeyev,Letters: Medvedev's headline stance hides the hardline reality,"I was kidnapped, says Putin election rival"
Russia to raise nuclear missile output fourfold,Analysis: Cold war revisited,Obituary: Father Dmitri Dudko,No room at the plush Austrian inn for Russians and their roubles,Russia and US 'planning spy swap'
Gloom descends despite Kremlin pledges,Spy Kim Philby died disillusioned with communism,The latest explanation for Vladimir Putin's mystery disappearance  flu,Russian Orthodoxy brings Grandfather Frost in from the cold,Russian tycoon jailed for nine years
Welcome attempts to put Ukraine situation in perspective | @guardianletters,Thai police arrest suspected 'Merchant of Death' arms dealer,Turkey scrambles warplanes to Syrian border  Friday 12 October 2012,Boris Berezovsky wins libel case over Litvinenko murder,Parade day carnage stuns Russia
Ukraine crisis: Geneva talks produce agreement on defusing conflict,Red Square pilgrims sent round in circles,Soviet flags fly as Russia remembers,Ukraine: Pro-Russia attack on rally blamed for Donetsk bloodshed,"Russians dodge 75,000 bill at Sardinia's Billionaire nightclub"
Troops storm hijacked Russian bus,Putin backs Medvedev for presidency,Protest in Russia: an activity only for the brave and foolhardy,Obama signing nuclear treaty with Russia in Prague,Russias oligarchs
Syria crisis: Russia dismisses UN chemical weapons findings as biased,Police station raiders are top suspects,Ukraine and rebels agree to a ceasefire and steps towards ending conflict - video,Muzzled bear hired by Russian footballer for son's birthday party,Analysis: Putin is a powerful underdog
Litvinenkos poisoners made a big mistake,Russia fails to come to grips with growing tide of racism,Vladimir Putin's chief spokesman admits Greek urn find was staged,Russian Orthodoxy brings Grandfather Frost in from the cold,Faces of Russia's protest movement  interactive
"Troops cracking under strain of combat in Iraq, Pentagon told",Letters: Get our troops out,"Lance Corporal Karl Shearer, 24",Peace in Iraq will take at least five years to impose,Pick and mix
Poor pay with their lives in cratered suburbia,"US death toll in Iraq hits 1,000",Alexander Chancellor: Next stop: panic station,US and UK admit lack of 'killer' proof,Scientist jailed by Saddam is tipped for PM
Iraq proposes long-term US troop presence,Shias secure narrow majority in Iraq,Murders and mutilation in Iraq revealed,Short bids to give MPs war veto,"Major Jason Ward, 34"
US to show corpse photos,Richard Harries: This war would not be a just war,Trial will take in decades of atrocities,Ian Brown: This fatal compromise,Divided Arabs contemplate their second catastrophe
US forces release Iraqi photographer after two years without charge,US tries to mend fences as violence soars,US security firm Blackwater faces expulsion from Iraq,Three Sunni politicians shot dead,Iraq war logs: US turned over captives to Iraqi torture squads
US ponders election pledge to Iraqi Sunnis,UK may hand over Basra control by spring,Saddam urged to reject resolution,Saddam told: disarm in three weeks or its war,Iraqi spin doctors target no-fly zone
Killing of Americans raises security firm questions,"Iraq farewell by saying: so long, and thanks for the fish",Foreign Office demands Tehran frees sailors ,Iraqi Central Bank raided by militants disguised in military uniforms,Full text: Blair's speech on Iraq and Cameron's reply
Commander of coalition forces witnessed prisoner abuse,Iraq war 10 years on: 'We don't stay out late because we're still afraid',"US helicopters attack Syrian village, say witnesses",US forces release Iraqi photographer after two years without charge,US embassy cables: Washington calls for intelligence on top UN officials
Press review: Iraq,UN inspectors in Baghdad today,The power struggle in Baghdad and Nouri al-Maliki's fight for survival,Turks send more tanks into Iraq against PKK,Crisis in Iraq: Mar 2
White House fears covert influence on Iraqi Shias,Iraq curfew cuts violence as religious leaders call for calm,Three British troops killed on Basra patrol,Ed Vulliamy on the lives of Iraqi civilians (part two),What the papers say around the world
Outrage as Iraq views UK arms,Blast kills four Iraqi guardsmen,Watchdog forces Iraq information from Goldsmith,David Hare: Dont look for a reason,Iraqi sentenced to life in prison for murder of aid worker Margaret Hassan
Turkish forces enter northern Iraq,Arabs and Japan pledge reconstruction cash,Hoon rules out more Iraq troops,Leader: Iraq is not the only victim,Bereaved father to sue over jihad call
Emotions in Arab world range from elation to outrage,Is this the end?,Bush plans primetime TV address as six US troops feared dead in Falluja,"Syria, Egypt and Middle East unrest -Tuesday 20 December",Iraq disbands Sunni militia that helped defeat insurgents
Video shows Saddam under interrogation,The Iraqi opposition leaders,Rumsfeld pays surprise Iraq visit,They were crying to be rescued. But there was no way to help them. It was survival,David Smith on reporting from Iraq
At a glance,New admission over legal advice on Iraq invasion,Letters: Iraq deaths,Inmates tell of Abu Ghraib abuse,This is not the face of a peacekeeper. I'm doin' the Last of the Mohicans kinda thing
Terry Jones: Poor Tony Blair wakes up,US forms core coalition to fight Isis militants in Iraq,Iraqi PM accused of handing out guns in bid to buy tribal votes,Future oil sales may be pawned to banks,Blix: Iraq must cooperate more fully
Attack outside Shia mosque kills 35,French lawyer to defend Saddam,Employees urged to defend Iraq contracts,Letters: Balance of probability is not enough,Blair given devastating warning on attack
Saddam calls for jihad against Israel,No disciplinary action against army officers,The Saudi chemist sparking fears of 'invisible' bombs on transatlantic flights,'Blair is approaching his calvary',US forces prepare major assault on Najaf
Hans von Sponeck,Shias recover bones from mass graves,Iraq crisis: Shia volunteers confront Sunni insurgents in Samarra,Fury at 'shoot for fun' memo,National museum begins to count the losses
Insurgents kill 33 in Mosul bomb blitz,Comment: Who's afraid of elections in Iraq?,Passions stirred as intensity rises,Reaction around the world to Iraqi weapon inspections,Dismay in Brussels at break in ranks
Yemen edges closer to civil war as tribal leader takes fight to Saleh,Libya: battle for Sirte reaches endgame - Friday 14 October 2011,Yemen violence mounts in bid to remove President Saleh,US embassy cables: Saudis praise American strike against al-Qaida in Yemen,British embassy to close in Yemen
Yemen militants capture coastal city,"Letters: Parcel bombs raise questions on security, government and media",Al-Qaida is the least of impoverished Yemen's problems,"Syria, Libya, Yemen and Middle East unrest - Friday 13 May 2011",Middle Easts regional and sectarian rivalries escalate Yemen conflict
US embassy cables: Strains show in Iran-Syria ties,Yemenis fondness for chewing qat is doing real damage to the country,Yemeni government quits in protest at Houthi rebellion,Yemen conflict highlighted after 55 killed in air raids and drone strikes,Yemen urged to investigate hundreds of cases of unlawful detention
Yemen anti-government protests - in pictures,US embassy cables: Yemen trumpets strikes on al-Qaida that were Americans' work,"Syria, Libya and Middle East unrest - Thursday 9 June 2011","Abu Hamza devoted his life to violent jihad, terror trial jury hears",Yemeni president in Saudi hospital with extensive injuries from palace attack
Syria unleashes force on protesters demanding freedom as unrest spreads,Tourists killed in car bombing in Yemen,45 protesters killed in Yemen,Yemen raises terror stakes,"Muammar Gaddafi is dead, NTC says - Thursday 20 October 2011 "
US says aviation security system failed in Flight 253 case,Libya uprising - Wednesday 9 March part two,Yemenis choose jihad over Iranian support,Yemen president refuses to go as gunfights raise fears of war,US and UK keep Yemen embassies shut for second day
"Syria, Libya and Middle East unrest - Tuesday 26 July 2011",Piracy will worsen unless Yemen and Somalia are made stable,"Syria, Egypt, Yemen and Middle East unrest - 8 July 2011",Letters: Battle of Yemen,Yemeni street artist uses Sana'a walls to remember the disappeared
Bombing suspect was pious pupil who shunned high life of the rich,"Syria, Libya and Middle East unrest - Friday 10 June 2011",Lawyers for US citizen missing from Yemeni jail ask UN to intervene,"Al-Qaida cleric Anwar al-Awlaki is dead, says Yemen","More than 53,000 civilians killed or injured by IEDs in three years"
Four French tourists kidnapped at gunpoint in Yemen,Al-Qaida remains significant threat to west  UN report,Agent in underwear bomb plot was British,"Yemen, Libya and Middle East unrest   Tuesday 20 September 2011",Yemeni journalist who reported US missile strike is released from jail
"Syria, Egypt, Libya and Middle East unrest - Friday 27 January",Yemen munitions factory explosion leaves over 120 dead,Blundering Somali pirates target Nato naval ship by mistake,Yemen unrest  Monday 21 March 2011,Barack Obama condemns brutal murder of American photojournalist
Yemeni president vows to step down in 2013 in bid to head off day of rage,Fewer deaths from drone strikes in 2013 after Obama policy change,Yemenia plane crash,Cargo bombs plot: US hunts Saudi extremist,Syria crisis: UN says children used as human shields - Tuesday 12 June 2012
"Yemen, Syria and Middle East unrest - Friday 27 May 2011",Syria conflict: Rebels claim to have attacked Assad convoy -Thursday 8 August,Al-Qaida in the Arabian Peninsula: Renegades or rising threat,Yemens southern rebels emerge from the shadows,Anwar al-Awlaki killed in Yemen - as it happened
Yemenis choose jihad over Iranian support,Yemen: a new safe haven for al-Qaida,"Libya, Tunisia and Middle East unrest - Friday 28 October 2011","Stay out of Yemen, Hamza tells Britons",Arab capitals braced for violence as unrest spreads
"Nobel peace prize 2011: Johnson-Sirleaf, Gbowee and Karman announced as winners - video",Two tourists among dead in Yemen attack,"Nobel peace prize 2011: Johnson-Sirleaf, Gbowee and Karman announced as winners - video",Coastguard frees hijacked Yemeni oil tanker and arrests 11 pirates,Libya and Middle East unrest - Wednesday 16 March
Egypt violence - Monday 10 October 2011,Sana'a suicide bomb attack kills more than 90,Hardline cleric in London rejects 'terrorist mastermind' charge,Syria: Assad distances himself from army violence - Wednesday 7 December,"Treat the cause, not the symptoms"
US ponders air strikes against Bin Laden,"US embassy cables: Bomb al-Qaida where you want, Yemen tells US, but dont blame us if they strike again",Yemen: discontent and poverty simmer in west's new front against al-Qaida,Police held for al-Qaida escape,Yemeni authorities had been warned of attack on military target
Britons join the jihadist ranks to fight in Somalia,Embassy cables Yemen president says foreign forces are wrecking his country,"Syria, Libya and Middle East unrest - Friday 30 September 2011",Womens rights campaigner warns of Islamists behind Yemen uprising,Yemenis choose jihad over Iranian support
Yemen power struggle: who's who  interactive guide,William Hague: British citizens should leave Yemen without delay,Kidnappers call to London imam,US embassy cables: Yemen trumpets strikes on al-Qaida that were Americans work,Libya and Middle East unrest  Friday 25 March
Yemen conflict highlighted after 55 killed in air raids and drone strikes,Yemen terror case suspects 'signed false confessions',Sole survivors,100 Somalis feared dead off Yemen coast,Kidnappings of foreigners on rise in Yemen
"Treat the cause, not the symptoms",Yemen: understanding Houthi motives is complicated but essential,Syria Zabadani ceasefire broken -Wednesday 18 January,The British Governments position,British sect's link to Yemen kidnappers
Canadian team finds Franklin ship on seabed  video,Ontario train crash leaves three dead - video,Egyptian court hands down prison sentences to three al-Jazeera journalists - video,Helen Pidd reports on British police in Canada,Human body parts sent to Canadian schools  video
Canada releases pictures of worlds most northerly shipwreck,Jamaica plane siege gunman surrenders,"Rob Ford, mayor of Toronto: his greatest hits - video",Canada student protests erupt into political crisis with mass arrests,Toronto mayor Rob Ford in violent rant  video
Toronto mayor Rob Ford gets his own TV show - video,Ottawa's Senate expenses scandal is anything but a dull Canadian affair,Love not on the itinerary as Canadian pair return from round-the-world trip,Maple leaf ragged: what ails Canada?,Gawker to donate funds from Rob Ford Crackstarter to Toronto charities
Ikea monkey' former owner in legal battle to keep pet - video,American retailers' plan for Bangladesh factory safety branded a sham,Walmart and Gap back plan to improve Bangladesh garment factory safety,Canadian team finds Franklin ship on seabed  video,Google Street View braves Canadian Arctic to chart little-known territory
Fatal shooting at Pauline Marois Quebec victory speech,Canadian motorists stuck in snow after road accident - video,Rob Ford: police unearth Toronto mayor's alleged crack smoking video,Freestyle skiier Sarah Burke's career in pictures,Canada's First Nations face up to industry
Canadian searchers find bodies of seven snowmobile riders after avalanche,What is the relationship between Iran and al-Qaida,Toronto protesters call for mayor Rob Ford to resign after deputies quit,Canadian armed forces hit by spate of suicides,So Muslims beat Columbus to America? They had better get in line
Canadian bus passengers witness stabbing attack,Tim Hortons-Burger King merger serves big order of cross-border controversy,Train and bus crash in Ottawa - in pictures,Twice as many Hungarian asylum seekers in Canada in 2011  ,France: Canadian student raped at migrant camp in Calais
"Thatcher dies  thats moggy, not Maggie",Canada's problems are about to begin,Row as Canada gives asylum to white South African,Canadian freestyle skier Sarah Burkes death prompts tributes - video,Canada cuts diplomatic ties with Iran
Tim Hortons: a Canadian icon that belongs to us all | Sonya Bell,So Muslims beat Columbus to America? They had better get in line,Eyewitness: Torch run in Canada,Canada Day - in pictures,"Letter from Canada: Yellowknife, gateway to the Arctic"
World leaders seek answers on US collection of communication data,"Rob Ford, mayor of Toronto his greatest hits - video",Whodunnit: community baffled by severed feet washed up on shore,Canadian medic in Isis stronghold  crude and unrefined,Rob Ford launches Toronto mayor re-election campaign - video
Justin Trudeau takes up father's torch for Canada's Liberal party,"Letter from Canada: Yellowknife, gateway to the Arctic",SlutWalking gets rolling after cop's loose talk about provocative clothing,Suspect in alleged Canadian terror plot claims charges 'based on appearances',Vancouver riot kiss photograph sparks mystery
People power: voters making a world of difference across the globe in 2015,Toronto mayor Rob Ford admits smoking crack cocaine but refuses to resign,Kilimanjaro scaled by climber with no legs  video,Quebec gunman arrested after fatal shooting at premier-elects victory ceremony  video,Al-Jazeera journalists appeal for support as Egypt trial starts
Quebec student protests mark Maple spring in Canada | Martin Lukacs,40 snakes found in motel room in Canada - video,Quebec nationalists interrupt Prince Charles tour,Ikea monkey goes to court as animal sanctuary drops abuse charge,Jack Layton obituary
Canadian pair describe shared trauma of ordeal in Egyptian prison,Compensation fund for Bangladesh's Rana Plaza victims barely one-third full,William and Kate canoe to a deserted Canadian island,Canada considers preventative detention in wake of Ottawa attack,Rob Ford concedes Im not perfect in defiant Today show appearance
Canada's MPs really are getting younger,Search for 16 missing as helicopter ditches in the Atlantic,Duke and Duchess of Cambridge visit Canada - Day Two,How the Ottawa shootings unfolded on social media,Walmart and Gap back plan to improve Bangladesh garment factory safety
Jian Ghomeshi bailed after being charged over alleged sexual assault,Rob Ford admits drug problem and takes leave as Toronto mayor,Toronto protesters call for mayor Rob Ford to resign after deputies quit,Al-Jazeera journalists appeal for support as Egypt trial starts,Quebec gunman arrested after fatal shooting at premier-elects victory ceremony  video
"Canadas womens ice hockey team celebrate olympic gold - with champagne, beer and cigars",Duke and Duchess of Cambridge visit Canada - day three in pictures,Why Canadian teachers want to buy our railway,Duncan Campbell on the finding of severed feet in British Columbia,Rob Ford admits drug problem and takes leave as Toronto mayor
Quebec student protest leaders to meet with government for tuition-fee talks,Montreal students defy anti-protest law  video,Toronto mayor Rob Ford in violent rant  video,The Beaver goes under | Richard Adams,Simon Tisdalls lost leaders
The Montreal massacre: Canadas feminists remember,Letter from Canada: true north,Children see man decapitate fellow passenger on Greyhound bus in Canada,UK ignores expulsion of ambassador to Ivory Coast,Letter: War resisters
Canada considers 'preventative detention' in wake of Ottawa attack,"Arrested al-Jazeera journalist's health causing concern, says Egyptian lawyer",Miss Pakistan World pageant's timing causes dismay,French speakers want more backing from Paris,Russia expels Nato envoys as rift over war game worsens
German literary critic rejects lifetime-achievement gong live on air,Germany moves into recession,Hitlers letter goes up for auction,Angela Merkel's election win is reward for weathering the euro crisis at home,Anguish of woman who held secret evidence of Hitlers identity
The German view from abroad,Neo-Nazi gang trial to get under way in Germany after chaotic start,Baltic Sea bridge project set for go-ahead,Angela Merkel casts doubt on saving Greece from financial meltdown,Merkel strikes deal that boosts Juncker chances of being EU commission chief
Gloom prevails as Germany remembers fall of the wall,Germans try to get their tongues around gender-neutral language,Schröder's half-brother calls for him to resign,"Mitterrand did not give me money, says Helmut Kohl","EU near austerity limit, says Barroso"
Germany to release archive files on millions of Nazi victims,New German Academy of Arts lays ghosts of past to rest,Statue for postwar Czech president reopens wounds of Sudeten Germans,Angela Merkel says Greece is on right path amid protests  video,"Beautiful, surprising, alternative Germany: your pictures"
Turkish delight at German cult series' new hero,The pursuit of the Bismarck,Germany's far right marches out of the shadows,"Germany: Berlin's 'Hollow Tooth' church may be forced to close, officials warn",Germans hold two suspected of dirty bomb plot
German graffiti artist killed by Hamburg subway train,East Germans sweep aside Iron Curtain ,Elderly Germans discover Hitler made them Nazi party members,New Europe: The life of a German family,Crisis forces Berlin to bring down the curtain on arts subsidies
"America's creative elite invade Berlin, city of cool",Popular discord,Russia and Ukraine ministers to meet in Berlin for ceasefire talks,Deeper into the mire ,Swastika drawn on Holocaust memorial
Injured explorer rescued from Germany's deepest cave after 12 days,Bumpy landing for defeated candidates on day of recriminations and resignations,Man rescued from Germany's deepest cave after 12 days  video,Vorsprung durch Technik  ad slogan that changed how we saw Germany,Letters: Italy gets the full Monti government of technocrats
Merkel promises to transform relations with Washington,Letters: Circumcision without consent is indefensible,Germans still struggling to resolve issues of race,German police told to target Scientologists,Sahra Wagenknecht  pin-up of German far left  poses as Frida Kahlo
Letters: Throwing open new windows on Europe,Nuremberg dock used in trial of Gring and other top Nazis goes on display,Ernst Klee obituary,Premier's review of the War,Germany demands Nato show greater commitment to nuclear disarmament
Obituary: Ellen Auerbach,"Eyewitness: Leipzig, Germany",War of the sandals,Is Germany too powerful for Europe,German lovers  aged six and five  try to elope to Africa
Pension age to rise in Italy and Germany,Leader: Leading from the east,Demjanjuk faces fresh trial in Germany for Nazi-era crimes,Schrder goes cap in hand to Paris,Row over naming of rape author
Doctor in Germany is held after two patients die in drugs therapy session,Kristallnacht commemorated by rabbis in Berlin - video,Carl Elsener obituary,How the Jews in France were rounded up,Europe's biggest railway station to open for World Cup
Berlin schools hire guards after attacks on pupils,Video: Swiss 'gigolo' sentenced to six years in jail,Capital letters: John Hooper in Berlin,Kristallnacht anniversary still haunting for child refugee from Nazi mobs,Critics savage unlikely tale of love among Dresden raids
"Paintings found in Austrian home not stolen by Nazis, says elderly collector",Profile: Gerhard Schrder,Man arrested carrying severed head,"Adolf Hitler a war hero? Anything but, said first world war comrades",Euro crisis: how long can Germany remain the saviour
Refugees hoping for better life in Germany find themselves in limbo,Image of France as a generous welfare state marred by grim reality,Yemeni tribesmen kidnap German aid worker and family,Prodi hails verdict on budget violations,Andreas Lubitz's hometown condemns rush to judge Germanwings co-pilot
Police detain 300 protesters ahead of Nato anniversary summit,French presidential candidates split over German relations,Germany in talks to help secure release of Israeli soldier Shalit,Fed-up fat cat goes on hunger strike,Rhine exposes cocaine habit
Munich art hoarder: All I wanted to do was live with my pictures,Never mind the stereotypes  what is Germany really like Share your photos,Wealth inequality in Germany likely to be higher than previously thought,Tue Albayrak funeral in Germany draws hundreds of mourners,Berlin paves way for EU vote
Tough talk at G20 as the EU awkward squad demand rapid results,Black Forest brigade brings unified Franco-German army nearer,Berlins Jews face split after dispute over Russian influx,Slender win for Schrder,Pegida rally in Dresden cancelled after threat made against its founder
Afghanistan: Suicide bomb attacks kill three,German terror arrests expose growing al-Qaida network,Woman arrested as nine babies are found dead in garden,German pupils told to keep chewing as scientists extol virtues of gum,"Welcome to Grlitz, the perfect German town thats a movie star in its own right"
Obituary: Pierre Vilar,March 11 relatives decry political row,Spain's billionaire Duchess of Alba remarries at 85,Spain turns to public works to save economy,Obituary: Enric Bernat
Kofi Annan calls Aznar author of his own defeat,Eta admits to fatal December blast,Video Eta target Bilbao television station,Irish-style detente eludes Basques,"Eta calls time on the killing, but sticking points remain"
King Juan Carlos of Spain  in pictures,Aznar faces 91% opposition to war,Olympic star held over casino scam,Catalan leader Artur Mas presses EU on secession issue,Obituary Eva Forest
Man who beheaded Briton in Tenerife found guilty of murder,Private eyes on public functions,Baltasar Garzn trial opens in Spain,Church in Spain has right to fire religion teachers over private life,Eta expected to announce definitive end to four decades of violence
Gibraltar row: UK underlines support amid fears of economic blockade,Expo2008: Rain in Spain causes Zaragoza to complain,Eta blamed as Madrid car bomb kills three,Spain honours International Brigades volunteers as civil war row grows,Cuts blamed for deaths caused by devastating Spanish wildfires
Spain arrests eight over plot to bomb court,Europeans migrate south as continent drifts deeper into crisis,Arrests continue in hunt for al-Qaida suspects,Ecce Homo restorer wants a slice of the royalties,Paul Hamilos previews this weekend's Spanish elections
Gibraltar's leader wins third term,Colombian drug lord El Ratn arrested in Spain,Thirty arrested as rioting continues at Can Vies building in Barcelona,Columbus toppled as indigenous people rise up after five centuries,Etas loyal youth dreams of martyrdom and freedom
Ebola: Spanish missionary dies of disease after being flown to Madrid,Spanish airport pays for families to live in peace,Spanish earthquake - in pictures,Pamplona's locksmiths join revolt as banks throw families from their homes,"With Gibraltar, and Spains Moroccan outposts, domestic politics is everything"
Spanish wages depressed amid eurozone crisis,US embassy cables Briefing notes for US senator tells story of looted Pisarro,"After 45 years of lonely toil, Justos DIY cathedral gets a little help from his friends",Five-year-old boy dies on skiing holiday,Focus: Massacre in Madrid
Spanish election,Spanish king accused of shooting tame bear made drunk on vodka,Expats in Spain look to charity for basics,Obituary: Eva Forest,"Eyewitness: Malaga, Spain"
Leaked email posted on Twitter sparks debate over unpaid internships in Spain,Spanish parents faking divorce to get children into best schools,Gay activist takes key post,Barcelona v Real Madrid: why this time it really is more than just football,Multimillion-euro Spanish artworks sold as 30 scrap
ETA: a chronology,Spain divided over corruption charge against judge who arrested Pinochet,Immigrant 'drowned after police sank dinghy,Gibraltar leader flies to UK as Spanish mayor posts 'invasion' image,Eyewitness: Heavy snowfall in Barcelona
Mayor held in corruption investigation,Explosives theft linked to Madrid bomb,Spanish artists dying crickets glued to wall spark cruelty claims,A brief history of Eta,Focus: Massacre in Madrid
Spain offers justice at last to victims of Franco's tribunals,Catalonia police banned from using rubber bullets,Ministry bans export of Spanish writers manuscripts,Spain extradites exile to Peru on terrorism charge,Police arrest 'enemy' of murdered village mayor
"Special report: Truth, justice and reconciliation",Spanish airports reopen after strike causes holiday chaos,British import Nimbyism to save Spanish retreats,Twenty Britons arrested in Ibiza drug raid,Obituary: Manolo Chopera
Paul Hamilos previews this weekend's Spanish elections,The weakness of tyranny,Obituary: Carmen Lpez Landa.,Analysis: Spanish apathy bodes ill for yes campaign,Spanish Judge orders exhumation of bodies from General Franco's basilica
Spanish property: Polaris golf resort homes crash to a third of original price,Kofi Annan calls Aznar author of his own defeat,Catalonia tales I cant see anything but a hypocritical interest in independence ,Madrid bombing suspects on hunger strike in trial protest,Europes lost generation: how it feels to be young and struggling in the EU
Gibraltar row: Spain defiant as motorists face border delays - video,Spanish town unites to fight new gold rush,Eurozone avoids double-dip recession as Germany makes up for losses,Spain's economy shrinks again and remains deep in recession,Big haul of new drug in Spain
Eta threats mar Spains constitution day,Basque police discover bomb,Norway looks after its elderly - in Spain,US lawyer held over Madrid rail bombings,600 Africans reach Canaries as Spain tries to halt the tide
Spanish matador Jos Toms fights six bulls  in pictures,Spanish judge to hear torture case against six Bush officials,Zara accused in Brazil  sweatshop inquiry,Spanish crime video backfires,Blair pledges to continue fight against terrorism
Who speaks for Europe? Criticism of 'shambolic' process to fill key jobs,Stockholm bombing: authorities ponder impossibility of policing lone jihadists,The new cold war: are we going back to the bad old days?,Denmark wants to rebrand part of Sweden as Greater Copenhagen,A step too far
Self-driving and self-parking cars in Sweden - video,Saudi Arabia recalls ambassador to Sweden as diplomatic row deepens,Bribery inquiry into Nobel jurors after paid trips to China,"As Swedish elections loom, cracks start to show in Nordic model",Ash cloud over Europe causes worst travel chaos since 9/11
"Britain has withdrawn threat to enter Ecuador's embassy, says Rafael Correa - video",Obama seeks global backing on Syria: 'I didn't set a red line. The world did',Gran Lindberg and Sweden's dark side | feature,Shrien Dewani back in UK after honeymoon murder trial collapse,Europe softens Middle East statement after condemnation from Israel
Sweden's Social Democrat party swings to left,Swedens Strictly star adds charisma to feminist push for parliament,Swedens Social Democrat party swings to left,Swedish school sheds light on dark days of winter,Sweden's 'Hannibal Lecter' cleared of all charges
Eyewitness: Stockholms frozen harbour,Stockholm suicide bombing: Scottish student faces charges,Thomas Quick the Swedish serial killer who never was,"First Netherlands, then Sweden. Now Austria witnesses rise of far right",Swedish riots rage for fourth night
Sweden challenges EU plan to simplify divorce,EU governments back Jose Manuel Barroso for second term in challenge to MEPs,Toys R Us's Stockholm superstore goes gender neutral,Who speaks for Europe? Criticism of shambolic process to fill key jobs,Sweden Sans: designers create national font
Israel defiant on settlements expansion after European condemnation,Saudi Arabia recalls ambassador to Sweden as diplomatic row deepens,Merkel offers Cameron olive branch after Juncker vote,Greek election severe blow to Camerons hopes of EU treaty change,Ash cloud over Europe causes worst travel chaos since 9/11
Asylum seekers in Sweden - in pictures,Swedish Crown Princess Victoria's wedding reigns on Stockholm parade,Thomas Quick: the Swedish serial killer who never was,EU braces itself for influx of Iraqi refugees,Anni Dewani murder: court hears from third accomplice as trial begins
Gaza-bound ship Estelle intercepted by Israeli forces,Sweden's Social Democrat party swings to left,"Europe's leaders look north, but has Sweden really got the best of both worlds",Sweden's Strictly star adds charisma to feminist push for parliament,Swedens sceptics learn to channel their anger
Three shot at cafe in Sweden,Sweden sets out &pound;2bn crisis plan,Swedish store pulls out of sale of North Korean jeans,Merkel offers Cameron olive branch after Juncker vote,"The rise of the anti-immigrant Sweden Democrats: We dont feel at home any more, and its their fault"
"Britain has withdrawn threat to enter Ecuadors embassy, says Rafael Correa - video",Sweden's Strictly star adds charisma to feminist push for parliament,"Hardline Australia, confused Scandinavia and tense Russia the global immigration picture","Turkish PM threatens to expel 100,000 Armenians over genocide vote",Swedish store pulls out of sale of North Korean jeans
Sweden Sans: designers create national font,Swedish childrens TV dancing genitals cartoon sparks parental outcry,Clash between Sweden and Saudi Arabia escalates as ambassador is withdrawn,Israel defiant on settlements expansion after European condemnation,"Dag Hammarskjlds plane may have been shot down, ambassador warned"
Free-school licence advertised on Swedish eBay,Stockholm explosions leave one dead and two injured,Iran opposition figures unite to condemn election as a charade,Swedish childrens TV dancing genitals cartoon sparks parental outcry,"Hacker leaks 90,000 passwords as a warning to naive Swedes"
Denim diplomacy: North Korea exports jeans to Sweden,Gunnar Snsteby obituary,E coli outbreak spreads across Europe,Swedish Crown Princess Victoria's wedding reigns on Stockholm parade,Nobel peace prize: the contenders
E coli outbreak spreads across Europe,Sweden suicide bomber's British connections under investigation,The new cold war: are we going back to the bad old days?,Swedish football team avoids fatal flight 4U9525 after last-minute change of plan,Cold comfort the Syrian refugees trying to make a new life in Sweden
Swedish armed forces widen hunt for suspected submarine,Thomas Quick: the Swedish serial killer who never was,Germany admits Spanish cucumbers are not to blame for E coli outbreak,Merkel offers Cameron olive branch after Juncker vote,Iran opposition figures unite to condemn election as a charade
Eyewitness: Lights fantastic,Sweden's Pirate party turn to British politics,Deadly bird flu strain reaches Sweden,"Hacker leaks 90,000 passwords as a warning to naive Swedes",Sweden to recognise state of Palestine
Stockholm bombing: authorities ponder impossibility of policing lone jihadists,Sweden: Malms immigrants adjust to life in gunmans sights,Europes anti-immigrant movements,Sweden suicide bomber was British university graduate,Animal rights activists plan direct action against beagle imports
